{
    "directive": {
        "header": {
            "namespace": "Alexa.ChannelController",
            "name": "ChangeChannel",
            "payloadVersion": "3",
            "messageId": "1bd5d003-31b9-476f-ad03-71d471922820",
            "correlationToken": "dFMb0z+PgpgdDmluhJ1LddFvSqZ/jCc8ptlAKulUj90jSqg=="
        },
        "endpoint": {
            "scope": {
                "type": "BearerToken",
                "token": "access-token-from-skill"
            },
            "endpointId": "endpoint-001",
            "cookie": {}
        },
        "payload": {
            "channel": {
                "number": "1234",
                "callSign": "KSTATION1",
                "affiliateCallSign": "KSTATION2",
                "uri": "someUrl"
            },
            "channelMetadata": {
                "name": "Alternate Channel Name",
                "image": "urlToImage"
            }
        }
    }
}