{
    "context": {
        "properties": [
            {
                "namespace": "Alexa.BrightnessController",
                "name": "brightness",
                "value": 85,
                "timeOfSample": "2017-09-27T18:30:30.45Z",
                "uncertaintyInMilliseconds": 200
            },
            {
                "namespace": "Alexa.EndpointHealth",
                "name": "connectivity",
                "value": {
                    "value": "OK"
                },
                "timeOfSample": "2017-09-27T18:30:30.45Z",
                "uncertaintyInMilliseconds": 200
            }
        ]
    },
    "event": {
        "header": {
            "namespace": "Alexa",
            "name": "ChangeReport",
            "payloadVersion": "3",
            "messageId": "5f8a426e-01e4-4cc9-8b79-65f8bd0fd8a4"
        },
        "endpoint": {
            "scope": {
                "type": "BearerToken",
                "token": "access-token-from-Amazon"
            },
            "endpointId": "endpoint-001"
        },
        "payload": {
            "change": {
                "cause": {
                    "type": "PHYSICAL_INTERACTION"
                },
                "properties": [
                    {
                        "namespace": "Alexa.PowerController",
                        "name": "powerState",
                        "value": "ON",
                        "timeOfSample": "2017-09-27T18:30:30.45Z",
                        "uncertaintyInMilliseconds": 200
                    }
                ]
            }
        }
    }
}